Прізвище,Ім'я,Email,Підгрупа
Тимченко,Ольга,gduplii@ivanchenko-vernydub.net,B
Давиденко,Олекса,ieshchenkodmytro@gmail.com,B
Гаєвський,Володимир,qzasukha@pavlychenko.info,A
Сіробаба,Хома,iaroslav53@palii.info,B
Щорс,Костянтин,kamilla48@satsiuk.net,A
Вишняк,Розалія,bohuslava95@gov.ua,B
Корж,Болеслав,fedirartym@arkhypenko.com,A
Гайдамака,Тереза,amaliiadanyliuk@i.ua,A
Цимбалюк,Розалія,isachenko@zinchuk-velychko.ua,B
Атаманюк,Тимофій,sofiiahaidamaka@gov.ua,A
Вакуленко,Ярема,iakiv51@ukr.net,A
Шелест,Анастасія,halynaartymyshyn@zarudnyi.ua,B
Рябошапка,Ярослав,lisaienko@email.ua,A
Симоненко,Ганна,evanchenko@meta.ua,B
Забашта,Богодар,onysym87@voblyi.org,B
Остапчук,Ганна,panas42@meta.ua,A
Дробаха,Аніта,ropanasenko@yeromenko.com,B
Деревʼянко,Тимофій,qshcherbak@baran-devdiuk.укр,B
Ірванець,Аркадій,tesliapylyp@i.ua,B
Усик,Богуслава,zakhar18@i.ua,B
Бараник,Зиновій,taranbohdanna@sliusar.org,B
Оніщук,Едита,emiliia72@adamchuk.org,B
Єременко,Альберт,viktorchalyi@derkach.info,A
Гаврилишин,Наталія,karasvalentyna@ukr.net,A
Деревʼянко,Леон,viktoriiastets@i.ua,B
Дашкевич,Дарина,onysym14@i.ua,A
Івасюк,Тарас,solomiiailienko@cherednyk-bazavluchenko.net,A
Доценко,Опанас,makar77@yesypenko-galagan.net,A
Чекалюк,Юстим,dhaidenko@havryliuk.info,B
Гайденко,Борис,khomatychyna@meta.ua,A
Каденюк,Златослава,irena10@email.ua,A
Пушкар,Марʼяна,shtokalovadym@tymchuk.info,A
Базавлученко,Надія,iustymskopenko@email.ua,B
Данчук,Святослав,wdemydenko@i.ua,B
Акуленко,Марʼяна,demian89@ukr.net,B
Яремчук,Назар,alla82@vysochan.ua,A
Лубенець,Марʼяна,gpylypenko@barabash-somko.ua,A
Бебешко,Стефан,vasylenkoemiliia@arkhypenko.укр,B
Парасюк,Андрій,liliia99@tsushko-shvachko.info,A
Цісик,Стефан,komarlarysa@lytvynenko-zabara.info,A
Слюсар,Єлисавета,savenkohalyna@asaula.com,A
Шморгун,Ігнат,volodymyra11@email.ua,A
Терещенко,Герман ,avrelii73@riaboshapka.ua,A
Ковпак,Макар,drobakhadaryna@email.ua,A
Адамчук,Гліб,kgoliash@ukr.net,A
Баштан,Людмила,fartiukh@vernyhora.com,B
Байрак,Валентин,ivan91@meta.ua,B
Вдовиченко,Степан,batiukbohdanna@i.ua,B
Ґалаґан,Леонтій,tsarenkokhrystyna@i.ua,B
Демʼянчук,Павло,gverkhovynets@gov.ua,B